Voltage_measured,Current_measured,Temperature_measured,Current_load,Voltage_load,Time
2.578965701623996,0.6578309483013547,27.896111051592605,0.2645643072752797,3.1128066587406416,121.30299800553412
4.106101740800128,-0.7562278133261049,34.19506089502365,-0.7406420435515293,3.499585770088516,104.31308735188216
3.538054072150776,-0.8636553812290129,23.166129804534204,-0.939792255577362,3.9958548654359247,309.4625764461824
2.548930549732676,-0.1779430603865905,15.484798728385586,-0.024331362911975,3.654413227642584,735.9204063739488
4.055238031815771,-0.7438085072676,39.76392553980374,0.8651097568386241,3.1415174005543065,886.5954415023983
3.6348481554857455,-0.4516786668803882,14.499328315635005,-0.5403465484047631,3.766865062574418,355.2839742369226
3.9200142425017046,0.6359340482381244,39.268672830530406,-0.0178085412336697,3.1608347913901294,984.6544775908396
3.7981298500715934,-0.2169486036443413,19.79202189547632,0.3421863141719521,3.791700219328261,285.4040684634225
3.1006987876442897,0.3364255971100325,22.23139180004137,-0.577536337054138,3.537183467461599,333.7765970697978
3.413572524994469,0.2878085070822613,16.2584496380842,-0.581881252586308,3.4257440519129485,173.96370590333865
3.4225833413690223,0.475164603177783,32.51973697844116,-0.4651959442849174,2.6748324066677105,36.71294348306664
2.928029902903119,-0.3043815841956139,23.927781424494054,0.8415332169267147,2.728779654076983,126.11532237541056
2.5381978241442,-0.8140187203537357,36.56790688622025,-0.9484608024712976,2.9370065767216547,717.5613826485358
3.089820443223587,0.9369775551887676,8.338974705962372,-0.0357358021603162,2.784863116817661,70.69660818436618
2.7168865147524586,0.8739156460621256,19.577655116635764,-0.5911032550714539,2.786073600463112,129.85701341788103
3.788338387789428,0.4384035565445277,7.083364512172009,0.4845063743981743,2.724705418181582,316.4571308744162
2.6730302034546862,0.9843160296466252,26.27132427884529,0.1023199238327441,3.9102566166611847,618.2850210137199
3.950116074294512,0.233300629041476,9.02265489708484,0.2628378424367528,4.147847080883104,475.1083649318354
3.0810894978863894,-0.264118497395831,12.914386593738516,-0.3830634370210319,2.849850440882017,777.9849715709369
2.9328891130983985,0.2391759097956591,5.614332717832012,-0.4367679157887365,3.894430642206313,656.5627023996523
4.158948535086309,0.7419382474921712,18.89552644330171,-0.2989589314276764,2.6363174865805927,535.5424730977983
3.1100118230099545,-0.738579246519601,37.99535116829393,-0.506682768389187,3.231910895552163,677.124263482564
2.9458488753097027,0.881358490230681,5.881769488573028,0.8084865828151302,3.259434996794489,952.2600783623236
2.814252574393396,-0.9574611782992256,7.860387101137238,-0.4714474736827214,2.842598242610732,519.3126926423032
2.9983511414437225,0.231970900520358,23.868309345760306,-0.7071274867943678,2.7501775268614077,914.8421498516548
3.7443897010793887,0.7458916717528166,36.71891031823628,-0.499064202415002,3.792273580643271,854.5473932021803
3.550818008778423,0.9258537504751596,8.101164988938766,0.7293178437162802,3.18053182149409,626.0547089808013
3.355331639586149,0.7340629922448971,27.263361624333974,-0.5701747259272083,3.833489304461756,733.1603781367995
3.2164217360072467,0.4914675654624643,23.2878563379956,0.6884246505722862,4.074301251691051,99.14611227762391
3.9444005641516,-0.6377013009306394,30.91666461837317,-0.487073877966468,3.225049570311164,145.51548278735916
3.177458048475535,0.4854130423999621,37.96039990666237,-0.0521575597677945,3.4996007878303685,960.7463027713554
3.113655624798046,0.5027501720580914,9.610026000268274,-0.0149292385714214,2.6163492057124644,72.21318533518794
3.682772771273849,-0.7595818892587831,35.69817033563661,0.1452144657640448,3.3019577237813467,293.91676050493373
4.114185060217992,-0.8085708889596765,27.416661476154538,-0.2570654747512464,3.0314166423441105,128.3499266146948
4.113105413330667,-0.7588662284454424,39.0201865371038,-0.7972542048936817,4.187389052329198,600.583196987136
2.789891010268396,0.192539756964106,24.786558910006345,-0.1633322717954397,2.9600947013690018,532.4709078838974
3.3544830582788268,-0.5400907882178276,6.684999259242371,0.2155053661913051,3.4459898834929974,419.3346804192884
3.16180254387136,-0.2323340961339119,39.24839139361992,0.1665047846251135,3.7726348045891154,771.8360352301099
4.030710697177662,-0.3082338860940865,28.47563091670419,0.905630034005012,3.349930286340141,765.3162995253863
2.6973234888617577,0.992667832113484,29.03064697224124,-0.6100496001994216,3.594726185060943,303.2197838442505
3.517719423134962,0.4644497728191223,13.734116994732714,0.2497481992139978,2.7616298379794157,340.0043860598921
3.530929401421303,-0.0227136191906685,30.89664422684256,0.3538815659936747,2.683675750939892,976.6176373150092
2.576871739180522,-0.6084440286329078,26.93073788826236,0.705094842491941,3.435903857013584,106.2138275884562
4.068248948001402,-0.9757830495302252,11.653767742430468,0.135948594632161,3.579341320560377,163.72895787917096
3.3777105921120323,0.4281738642648556,8.048246837852002,-0.2549334524808984,3.3106260921463115,476.98339261765375
2.6308658467089483,-0.6922081873202899,39.42325154503277,0.2265833697747581,3.4806980422290543,966.274297748186
2.743085859489821,-0.0905202887322818,26.103000676781157,0.1619007597763586,3.6518278688124193,607.3244167930659
2.625875907947953,0.3592945653861397,20.793377046334584,-0.7881883911924847,2.9690685804469297,236.6097827075073
3.028669946916626,0.8894640445828206,23.854562928345,0.4022791888349473,2.8718136111411168,194.95827149863052
3.2915166308251824,-0.8242670017103333,39.00364418153677,-0.2243478201661375,3.9822522041768593,983.7115832091516
3.0625266422495034,-0.1648384484301432,21.237598188431647,-0.5947347317293137,3.5630612889225715,837.4725196187745
3.6809840004525256,-0.6821836646612929,33.00012186172885,-0.5777481148839252,3.475057576045407,542.0152984797261
4.110381677340087,0.0368160438904081,39.818675288808286,0.9611364541214472,3.061265115536528,211.43125799891115
3.635744732170098,0.1101698986045724,10.305827618003478,0.4629929280862781,3.157572311488196,463.9362634548909
3.7764808152455456,0.2342899732080601,27.603783520026948,-0.5019825277818202,2.7888080244723974,394.4793908388575
2.9758876248081028,-0.5615720252839114,15.828045125197374,0.1674271754627279,3.318172517072703,998.7929358156546
2.7557087148759978,0.8540690895926133,30.294743519438,-0.5784137968999428,2.5383596698990902,643.9079570677648
3.00059179122126,0.772391560930149,30.96637144355503,0.456741708679292,3.057324938045058,984.5758963761132
4.020738785719956,0.2391786749196813,33.58728132769726,0.5665959659120954,3.515629712374814,174.78498788336594
2.7651906845715444,0.3175667334214347,31.57893918462873,0.6656607535765422,2.955896425166353,88.13443097669149
3.8847770243933497,0.2477916725832769,21.58334399392813,0.936152762901467,2.614928074103051,354.0645623550941
3.137279985190297,-0.903575922278888,12.045923773785164,0.4102782911411267,3.173201642855546,505.9258001463939
3.2268197312095346,-0.627123475711491,27.210384614260636,-0.7962137982541264,2.6387178240082254,262.408376489302
3.684926759691956,-0.2150128871866303,25.709400680721394,-0.0514899580460928,3.6019968969733385,290.8768542315825
3.495818488164888,-0.1565581462530891,7.325534552452121,-0.2344024711272243,3.56360634202637,977.4565631838426
3.96503555572298,-0.7365424530908762,14.887362309049829,0.3163196485951469,3.513994028203024,813.1420044817255
3.684306400590717,-0.8574865444694828,39.34122428668031,-0.6549522461072759,2.7082463653421818,964.3532340359864
2.700880206956816,-0.6729522548299545,33.784783078389744,-0.2633055724112974,2.6054704088261422,224.3829797997955
4.021851624068239,-0.3048569515220358,29.63499820720159,-0.6959028651510164,3.030508875908435,582.4350768882958
3.684453181119056,-0.2178369266964785,35.014681818144936,-0.1353075471933054,2.6209646540924467,504.5029240548358
3.274616479735712,-0.5249117382513451,15.002424443405458,-0.8308692438055243,2.9439761352684624,156.36214164487507
4.017350297432962,-0.4687999148225878,7.921242974628415,-0.5032474792603996,2.7435784797944898,757.7765603751579
2.8534066337482464,0.1084530282640332,9.475338042784614,-0.1373965873179707,2.5102799734127634,631.5443786761604
3.000563116518296,0.5930745819523526,8.285004968817468,0.0650081328319636,3.142326663336217,386.0509356518358
3.931602169330705,-0.797158343101567,17.555043389595472,-0.7980437863644778,3.5148068798023937,458.3634794263062
3.703723382253277,-0.021150072713719,22.06499177856845,-0.896328401760542,2.5963567346819203,430.3465323722005
3.734124654079407,0.9469779383547938,21.11253949206742,0.882241625067347,2.543672396277994,738.5460533969634
2.6507943073869944,-0.2900073883361254,16.115537834139083,-0.4427138737699272,3.12939471566378,655.5099718461126
3.5596068156068483,-0.821177995375481,7.282160694117222,0.7659876496595461,2.8966657985038555,106.16035354746722
3.087683188956663,0.2744029536165608,32.76000058988588,0.6531021483829285,2.9953138238241657,107.45055262890811
2.719095527248104,-0.1913624637914157,28.891602742819085,0.5248939173497369,2.722219450102588,469.0249397178835
3.460726412101655,-0.8558313280026533,26.782014261603614,-0.7934699822499032,3.8313744325702856,977.4381842040124
2.8010881549919837,-0.6289489685937577,13.382855946833834,0.1137568863441917,3.063298771851739,368.2501073951331
2.5518504248963843,-0.2061534475968078,26.37730248765189,-0.866052775949457,3.418474118418616,281.825003295472
3.6762218360775782,-0.097225951340649,33.171737189450354,0.3472908349498154,3.495499062583441,218.77170841087968
4.140545748133071,0.3900704577171063,39.0968055335725,-0.8421211941068889,4.192748568487249,303.7350462250994
3.478306102388994,0.1847006571867244,9.97479933277102,0.3190215372815403,2.8142252765099425,498.3330282942372
2.641951218387737,0.3664960565792916,16.98567925921497,-0.8933040060222046,3.742479587819473,125.643492412314
3.1682661319334926,-0.4515695953026599,25.94251195042156,-0.2914573455655687,3.5896413977678883,884.3434279712875
3.5208786627372106,-0.8227991406407655,33.96272119556274,-0.9525844927109632,3.171590674356553,146.60830036000317
2.7327055711169725,-0.1196020040890188,22.98490624723687,0.3234373652879132,3.559457634215612,338.50687942547285
4.084601080222141,0.4326467761253645,7.557854670945525,0.0645837519029088,2.779287633563096,135.74585309990107
3.4113638227850047,-0.041636244740538,31.75847281291512,0.6052806247058593,3.373303353866018,51.16550644547591
4.1356933324067215,0.9988274515413332,26.72311679386044,-0.641287979421518,3.648275277071924,266.79454943383087
3.2790299138355783,0.2459331671269655,15.32642476789547,0.3847178449221162,3.798276857895545,543.7870703917469
2.8801129254830693,0.7415069006745183,21.64411131203893,0.6747341595403014,4.1137642806175485,844.8640854105086
2.962922455082927,0.6099779993615395,10.856245640037113,0.0929170834562487,3.097804782981239,732.6126992403987
3.0965555213385336,0.2782398756310007,15.988835108207349,0.7288664937367282,2.8043537836506927,681.2821105324338
3.9724994478173903,0.6983913031306386,32.18486949343134,-0.9756864570452264,3.1943744883944207,847.5476330547364
2.9114939615695508,0.5054332791152825,13.395593946458066,0.2986446491537633,2.5219256986421934,300.9663196316217
3.5304968785664963,-0.7862461538105123,31.81405764784552,0.6180472805833528,3.3807317466685864,649.5560067569618
2.6442241139448264,0.9398240922145408,24.379901987530392,-0.3161894437890193,3.986322468033037,460.3290506427651
3.2727198101052144,0.088978195921699,38.04147328388893,-0.4459749513480424,3.440902019556745,446.3263599865612
2.655050375182774,-0.9168542818992158,31.46747648825619,0.52460524900192,3.518911532571681,974.9042728102348
3.724062112128327,-0.4906587559078976,20.593957355966182,0.3140609964682146,2.9099808643231952,823.0035744469347
3.5156022736895243,-0.1319612676522494,37.65237018993852,-0.5323743338138718,3.936567403124292,825.4398957486287
2.5782044914369795,0.9495863242935664,9.00706733230668,0.780819034438657,3.147618136539908,966.558439380544
2.7500249175793643,-0.9527228279073272,39.26433903111831,-0.6096669655626992,3.198160476117481,650.1871664456534
2.791854785942116,0.3529358744527244,29.82622899654133,-0.3855671659574582,3.3313822807637816,389.3897796668735
3.24370736744034,-0.8089293723306636,14.835157461804975,0.3344246743883621,2.8751068013569725,725.3263907358781
4.02454029684022,0.4486776342574823,10.00065864687941,-0.0207510758995104,3.226693097883372,360.059901930726
3.881931715521132,-0.3773846016879927,28.68874546000885,-0.4432630366746868,2.956955945551337,545.4279502117131
4.166055377985311,-0.2181880081889706,36.10306780928895,0.6764608421636011,3.0157554241695266,362.2934900002048
3.87678655795288,-0.5679236349808008,14.295399153551212,-0.4450706405500919,2.8327114881694038,103.47506364658466
3.1396412954025568,0.8892284389480465,7.017665376965871,0.1863164380789363,3.068127614094287,544.8010852760984
4.040802454661051,0.1412194932776593,17.154696366067764,-0.2537547631552328,3.867081460472603,411.14433647998703
4.016479143801092,0.9679552959196565,15.403323269801602,-0.7893090310373336,3.292508704916847,151.7429129530524
3.619779173752207,-0.122769161620819,26.44007139206867,0.8156770277670682,3.204039815966633,287.511199383759
2.8427664440811657,0.6279405390120376,13.631127224230864,-0.6744180215875413,3.76189679352781,166.84857820557764
3.6083341411544207,-0.6727523576166616,5.630229446015908,-0.6414934885214385,3.425386308978346,326.22050698093153
2.6969774011927203,0.8999223679004507,32.02043667084966,0.8894725175661593,2.8846631310054165,429.14949195832185
2.587513877124982,0.7011634581884838,22.29743565376049,0.5747740535046657,3.739196640178768,623.5053112473372
3.419079706737181,-0.8960574326970552,22.94337040847457,0.1181185698932043,3.7837271496568334,761.889894377484
2.5623614449140164,-0.8066471007065608,22.283491415992504,0.5851896264182694,3.597732573696791,546.4763610253765
3.727829366268213,-0.1247937518892161,10.801242293705457,0.1332105178109259,3.0232925550444025,146.09656554132022
4.0485762136395325,0.1603447384546645,34.888668843439774,0.9467652383296424,3.74883411120791,504.1328419184383
2.794443178847026,0.736545010816761,7.806300492866621,0.2647826486567748,3.894828893616467,91.32573433355708
4.031968617834681,-0.2670769302572042,39.334558235693976,0.1856803610162203,3.761861366828888,987.3684723122
3.512585859033336,-0.8773007457786637,23.128618469940264,0.4320999464842889,3.2786486481925765,968.326960099255
3.0739457913861674,-0.5596335961003773,23.45898677429367,0.0885079322273953,3.5773097196013994,16.02815645512312
2.7285049507962564,0.0122837256804881,5.593168271135335,0.6962184700312601,3.5121228292666835,252.3227442637452
2.6333758482818523,0.7896333121210553,35.59778836398115,0.3134589694432159,4.099496288250648,615.069754014698
2.613043654523522,-0.3934497048648089,32.313164324984314,0.8709690270549915,2.847211580826329,795.5783762575865
2.9291428053848354,-0.0992581274836297,18.56770819094765,0.254657870181356,3.367969694838456,91.35324272355582
3.1367182020405164,-0.6297341423227607,14.15969893075671,0.345405988417796,3.472392993082108,393.6355202774421
3.1952200055042588,0.0528053218722264,14.615603393183182,-0.0320212636405057,3.727512309146435,278.6943159285258
3.048001536457029,0.2816526293804124,9.207253019220168,0.4781339518787451,3.834608665778933,895.8157315601946
3.64167443250776,0.1004530843125235,19.26400608613508,-0.0309240098399783,3.6039439944022575,49.30898710982468
3.594799223506327,0.0117053859036579,36.2395379620266,-0.6863745893663886,2.8343699354317997,628.030464569537
4.194282623025639,0.4323013484463871,15.311678872116762,-0.3474921639177064,2.9196569469127462,691.6434019733182
3.4415522834822454,0.5245702695532315,32.66784279962097,0.0718701577042364,3.108279123870508,693.3775385188525
3.04408432175204,0.3276090552436101,28.69922239072533,0.4963678240976927,4.182159066753348,348.05195547732046
3.370558199108778,0.2636270540333367,11.12085030115858,-0.6810154749172834,3.254976046741252,21.009156986360743
3.226083240664636,0.1017147412182786,28.377199958126948,0.2134634494348728,3.649813815383631,610.363007818157
3.0793660184301306,-0.3259936471374274,36.15339623143329,0.8019217913809358,4.108150512737519,718.0141781270015
3.845684374333943,-0.367687790046499,10.60087277621179,0.5287067728728547,2.6673211214723267,192.25791846809196
3.4382416259166257,0.6383777188535804,33.28823235032277,0.1613981691085699,2.761432299372468,942.9827840711356
3.491170653648477,-0.929377290119522,19.579803996880223,-0.4976614649031974,3.0230544521125124,375.82121900794095
2.7033102180951127,0.8854635482702513,32.14641478238646,-0.0994915077142193,3.748057140370799,36.46105082561846
3.4800780083742318,-0.8458834417313377,6.484780437241209,-0.1637104236744007,3.880071421196507,281.2845635530341
2.692904986109001,-0.3162556679226278,12.442553172988363,-0.4216251074081003,3.643262346545204,829.5658314283686
3.3692820780635944,-0.0389861054843421,38.26858684051712,0.6722354064144975,3.5230714477072604,471.6263651952617
2.848473302206896,0.4661425920593496,35.655907923097,0.6489430352090981,2.636987380887073,245.81858702257463
4.17770779222088,-0.4255220166918365,16.557527270502412,0.352052576105095,3.93970828152922,12.003027272682544
2.5634919208736644,-0.7345684919138793,14.8239125430591,0.7547009062656773,2.634776483873026,184.30139695009905
2.877583277800241,-0.0082485298424583,5.441263199151567,0.645967610083535,2.8704153453654646,514.7421937567799
2.587858925986633,-0.936827710348716,33.09049878529345,-0.1330555344887312,2.637046188788323,783.5015025879088
2.5978498920282957,0.9732602459176938,15.123567019042907,0.6742392556613044,3.0361183635524,444.71277685833576
3.442401889269381,-0.6357641686226014,33.74193988925793,0.6060041439156743,2.5375124527598945,82.57215803527717
2.984228840441695,-0.4659434596611573,21.49087646264851,-0.4622929712356129,4.061275821538649,406.41653657401866
3.3405145179943885,-0.7033135980758223,21.048305310866173,-0.9221239666246688,3.7387156832022246,411.1134169948486
3.2805307856050443,-0.5361058077680492,9.302223746288565,-0.033638273372663,4.088724597216377,39.94797328609434
3.049444984435284,-0.8477382810193996,36.15903185562307,0.2335672157050823,2.5276138534560717,376.9861672868416
3.8211497570766415,-0.0056504719831453,14.458669224577411,-0.0904713148946778,3.214018707302627,289.7279837382146
2.653492609092494,-0.6784802079033836,21.49505085893576,-0.887647845305122,3.532129977502081,147.95833410940585
3.5071047670654725,-0.3617990535134887,13.978552185548674,0.3429582973344138,3.754516610575907,726.0848514838505
3.175388393952624,0.9106693730078566,21.088270464093146,0.4660002144452464,3.8920777598848018,719.3881555748203
3.576272477364556,0.2418310355349542,24.6154220843154,-0.3465149159399183,3.741423622200271,929.403483849154
3.776045077789459,0.9396420901570894,29.69550519253386,-0.9220413586777392,2.66661306412726,571.1991839629137
2.856839508262496,0.7227399927268721,11.7057531007189,0.2255916710730208,3.8178987161283953,851.5814000172373
3.504518003420011,-0.4259237336501744,16.378640540109465,-0.1806578932480147,2.664296218289179,769.0611331597242
4.182932395062907,-0.7886706314765122,33.25044380777089,0.7697102353920087,3.2177267975971526,265.68556486626346
4.13616040140159,0.6493619318502983,33.66722298515796,-0.2577741231397443,3.0826425732274423,575.6652529974197
2.8850428178364944,-0.4803928378716804,34.95080406170252,-0.6790747714575471,3.404182003058528,34.43130857331455
2.598742140685939,0.3845531290357049,20.740894485768894,0.8121741209625211,3.113827034779763,776.7984372086307
4.029276774566767,-0.0373116967293527,32.346264951155675,-0.5751054456090541,2.5915118923443803,691.7776391419823
4.1478143105524685,0.595627297717269,9.36872848883969,-0.0230087346801892,3.509427074303869,766.2454727603789
3.8862844283732185,-0.9642521305331724,35.72405273532143,-0.4578074924718684,3.52535520420901,85.40303016272166
3.503501402275173,-0.3887915690195702,13.064583174107248,-0.9214611715166954,4.003613836914491,406.3322309637678
4.065431200449533,-0.9581100779381744,10.694491033299805,0.2279406126504652,3.370026776168117,281.4773024509194
3.597302903042185,0.9363868558294436,7.763920676679001,0.2326009718514481,3.693582671993448,38.40087732634456
2.562707810502706,0.757259972710316,33.757291419866505,-0.2631021601668422,3.604639679499309,879.8377479414678
3.3600107541035924,0.0244438416253489,24.93389228484863,0.1896947590038191,2.602385806330506,965.4486346006212
2.831913079256676,0.3033336507517701,28.373163912924227,-0.2179342617452027,2.5355880003054465,504.6372879774349
3.617941916910584,0.9017271245008208,29.62900921112785,0.0298666998265189,3.0232105389983537,299.9293974730662
3.859753935110436,-0.2890139791172852,11.356488871481094,-0.4681430987357624,3.99752177292608,648.0303180552141
3.686874913833567,0.0381635702724361,33.963162273720606,-0.4269609021457541,3.518808787910861,518.7478471147094
2.7037711244672606,-0.8379075681847041,24.59144892734339,0.8654210162655227,3.625118794693797,99.57971354002892
3.859006994247265,0.5310257979822195,11.273946416772652,-0.8329501706399625,4.158197625064067,13.281203458580082
3.855402121825241,0.5738067725105902,24.13019997113032,0.3173227098795339,3.073462035037801,28.12150627792376
3.621972878258104,0.8744569744729023,37.840668645696894,0.0711076297593451,3.5750736359913646,941.3343927869016
3.3418007471891595,0.5814463296779271,24.64279758988837,0.9413530908194884,2.9920471867531298,591.7169688924005
2.990671940508435,-0.948376186101026,28.71397936106336,0.9229846491482244,3.3593853459299337,447.97165638219
2.8889568813357585,0.3920412361075844,14.691657058223312,0.1789079789693943,4.013653345453952,766.5959447120516
2.7176779262282134,-0.1436007701487704,13.467608811043537,-0.7479959442720114,3.641905060714904,928.555532894136
2.650437253488263,0.5343765778622538,21.180344635021253,0.2072744011187501,3.89124672212521,437.7168249335414
4.022389488443541,-0.0507382485003722,26.20227373084416,0.6133301060536329,3.663334223173086,895.555740873885
3.1362603527854045,0.3452042364502525,31.66656344117045,-0.5767282028602776,2.8819175759910034,133.778144993968
3.4068838563597468,-0.0242919121472751,36.15493980886051,-0.3157847582728119,3.822678721021439,430.1427320968263
2.7325916725622346,-0.8620839672871576,15.842575072318471,-0.2108553693621524,3.057332824405891,765.148849861264
3.275318973168961,0.8885329782268678,19.657766167595646,-0.8868286877065688,3.644256622549069,930.16520286255
3.9766185179220814,-0.1861840785542587,6.381083651181476,0.3355211832063058,2.769852497736326,858.322938878858
2.7195710057575413,0.0503267673341203,31.912297373767437,-0.8748703155610968,2.649240002998872,467.26099600750257
4.199520044586422,0.2206675666218367,33.9964254807191,0.5965863944183734,2.83769578072559,133.4163355232071
3.870542175648205,0.1155668347400498,34.49491657561942,0.5918527742870048,3.0141927396844985,550.5706345413643
2.695222602056646,-0.2649311554169371,38.72247343106559,-0.3098325089735325,3.249130301821299,754.8274583623312
2.956751510954408,0.176404533896781,33.23427318931587,0.2070576130022419,3.290561768175547,776.821367240281
3.3060955094484528,-0.8556031820416483,9.235875016981757,0.1943106119806037,3.151466122110328,909.5953911109444
3.817725799713895,0.0578742680544239,21.964370049551643,-0.03392060488222,3.6714490113719904,805.1743973603768
3.898313312969387,0.0672050934537569,20.37024358218119,-0.0699809649471447,2.540708650959822,322.8097934478503
3.1399877236926845,0.294949428309206,5.669063305041741,-0.8297930277604293,3.38634093650536,807.957328109019
3.976395559026452,0.3912362929936137,16.38532969080609,0.8935124893844815,4.118506159286305,109.48236606899395
3.422631553690913,0.803523984270847,34.52773824181384,-0.3464105882844452,2.818111259697853,405.1971425753297
3.991534222277524,-0.9767589201837988,26.24813525515639,0.5855162271456256,3.621473463981807,971.8453013254848
3.1783045965792214,0.5384462956762672,5.42360908716376,0.6471044532236381,3.893362278230996,580.7685836144217
3.7923873618124673,-0.6959502937427038,32.0599655871535,-0.979431008128616,3.2122486154251915,168.74943839822953
2.790508898563112,0.281944154690664,5.5142686029233845,0.5455428393301582,4.101498973130612,914.834949996878
2.73945693464566,0.1648453164144929,9.147591825935304,0.647247221497947,3.597408405897888,816.0567571143235
4.1783694198354056,-0.5130354068474015,29.070271485069625,-0.8579302219119957,2.833700313928814,113.96588711924116
3.780742914940201,0.6762305792962204,11.811834284670518,0.4302003225674,3.8585685508781298,620.2348489611205
3.2343065316915967,0.8309765951760837,5.763818887142133,-0.8632935993800828,3.005388247278255,559.7446613336749
4.080199545221304,0.9897326343395344,15.493018464783257,-0.3762411284725495,3.0454527226747343,301.5868698735516
3.566848736142908,-0.9884826790037567,10.207858929179046,0.8426150244259509,3.469487795843364,727.018527014134
4.0370697806393725,0.247718649353146,33.12189601539096,0.5540985713035123,2.73481299833842,836.3785774103993
2.671908549408744,0.3337285150922087,15.0941903236561,-0.1154123890977294,4.068138282215411,64.09471103617548
4.039096091325309,0.818065041331282,24.55248387576489,-0.4609762754154547,3.251117298163323,370.973712592169
2.6080491954862404,0.7582366151243294,36.82270720515461,0.1751717422188037,3.770033054119349,239.81995220659024
2.961293354015623,0.9681669383985902,22.93759270696161,-0.8158660278350491,2.8575415456858493,922.645139603572
2.957713492613948,0.9849670043167504,38.27704477059683,-0.4170781730124122,3.778102748126358,17.4982139873886
3.9740229415861767,0.5597019777866996,22.06834740174425,0.4468873247098239,2.7574349344289377,297.85939839021125
2.5611018654544617,0.0354232867694228,14.688500772695702,-0.8486005453804251,3.5118905456229825,709.6713435045244
3.159888874551087,0.8247266912333819,5.409731375581642,0.592482901082737,2.601298065500344,603.2454226840298
2.619966870580731,-0.0266621171505943,30.339056941313284,-0.6241592383693539,3.419893502294036,533.323547859605
2.519301196104613,0.3790535020631222,20.541531222077104,0.0007188924311212,3.6764859401675674,366.6788797029814
3.693343691338096,-0.7150089141969735,27.1936410981716,-0.3327432083262687,2.715600838335712,939.9243728857087
3.915152489360717,0.8881186793732265,36.72531086705438,-0.3864468009557176,3.685178276634567,535.3477680616568
4.071979151073557,0.2652437862678962,6.161627409684918,-0.380386249355062,3.659725871733668,133.6956543994362
2.832844929141804,-0.6406337822595161,17.010857361043037,-0.618146829856713,2.777723489277314,772.1520276158382
3.642217664117839,0.7466458317216154,34.92605705669773,0.4629727194062316,3.297369270780862,626.8026300648439
4.065483080904082,0.3389739103963802,8.566233582310474,-0.8259655633944225,3.0388024570043783,838.8393367652703
3.1251168652010373,0.8872318403351978,13.466283989059365,-0.961742067125426,3.876871514514929,354.79728965638867
3.174122729946159,0.4737474898883642,16.25234954367587,0.6802161568783998,2.9064128529275504,821.8393227529025
3.6282409811165017,-0.9516164722172896,18.318119845446308,0.947600826714299,3.307670579175925,791.3107143126668
3.767247106113361,-0.2797271850569618,6.8324257065615335,-0.6585832733750396,3.9434666339297495,352.48104694335115
3.108876620655829,-0.0329087065601505,22.06697333835238,-0.6901493777131147,3.8801724108176456,75.27871665167363
3.3374507597878784,0.1889526703723461,22.607938277294277,-0.2771924418656273,3.829214552094713,826.3903116005552
3.4045929249510367,0.5908999215794584,10.843358106151957,-0.2975612253024382,3.96441067836238,188.2321997690456
3.674594154774193,0.5596907903022872,14.774663095904366,0.3284387699779365,3.4906145638859587,885.2388787075653
2.7598605366133646,0.7028499154901915,15.335551715014148,-0.1236427735033109,3.7059609971014567,781.4620887547093
3.391669362269433,0.6118508002352423,11.972534621291858,-0.776814000085505,2.69140379309963,314.1620638369721
2.908247551922928,-0.7271204948865337,26.867435197629085,-0.3435337886433212,4.141586257953561,55.1015351588311
3.194848090866764,0.6814060560224,19.680679788505977,0.6546042994744918,2.903721618787953,829.9395932124434
3.8199020332613935,0.0395478971120353,9.990795042866806,-0.3494187632765044,2.577494768512737,583.105757279898
3.4108169629270897,0.4870165125832155,34.4506643579666,0.0052624852602609,3.145964434241171,468.5569945911346
4.13815396105173,0.8416956956313737,25.964247786202368,0.7410539325387684,3.493723292541079,456.8880717372669
2.6821924192776194,0.8543556389589053,29.956611772201157,-0.812446947485967,2.7334100556164693,184.24865157267425
2.8035259254923672,-0.0768850511604202,37.92745821760877,0.8686082283349805,4.002262745069583,485.8856061896132
2.98466178677954,0.6348994169823832,16.04695703171725,-0.1019224641397482,3.684941082207309,747.5206367465048
3.0422585714993944,0.7414998025450228,14.638341098939648,0.5560504862893063,3.321600284442753,794.0144502659628
4.1160321497938455,-0.4605007769660207,21.99563948807892,-0.9551482216758898,3.63973836745476,736.4731746190728
3.701657484540949,0.9754447794720632,35.78536492330352,0.1953365654054062,3.6603051812141274,972.4613900279022
3.8738046452595087,0.0739488457868271,36.28963985027546,-0.8172170273364472,2.6527906479514733,700.8656972438799
2.8268913319747404,-0.8286835008071389,14.949593252463083,-0.2556534895062057,3.1890531130998205,662.2321583295931
3.52535858609286,-0.1801902206074235,17.086968328571075,-0.2142097822136419,2.846909460529221,947.1529360063548
4.183858741401145,-0.5278990733070721,18.109351045704248,-0.3539453084918122,2.8149706455670183,139.45023620516017
4.042863005674358,0.9898156452928706,32.764147265338906,-0.4825767156891181,3.0030844500422478,315.5331806631355
3.5767863860677203,0.1858798696834063,27.900239331373665,-0.6014593270663984,3.5215504096204464,285.2058026804141
3.058729727128857,-0.7557801719799464,6.364860440121905,0.3086840109854394,2.540808576236311,315.6332153671523
3.29677837165145,-0.4864468645589841,14.756595534509357,-0.7054488728958181,3.2304447177037514,34.37685835172522
3.2967230913900147,0.353026771554493,26.918201249737237,0.3817679531016456,2.737978540426997,390.91742684116224
2.655187350536427,0.7365425610265173,20.890056741864026,-0.9192983462806006,3.4430440655800023,526.094013251542
3.7933345826487255,0.2154735897577182,12.13182606946912,-0.2019293647151305,3.3134982288631885,834.1641082084413
2.736905325923801,0.1599675748562625,25.67232418981232,0.8770595669462609,3.2204092038825696,78.62671098975804
3.3027653727753137,-0.5366565972331132,18.31470026276468,-0.4937969216407825,2.576494596100221,119.21044284057336
3.9542829928187126,-0.6009150981417097,20.96827781344397,0.8164569774006458,3.5190839374198184,334.878290136985
2.9188834565064816,-0.1262985947696409,30.145888156289253,-0.325091442071542,3.7431260018905377,665.9471660804642
3.328633037024173,-0.9935634727914426,29.94174665844795,-0.199575448300656,3.7544772072979606,965.8366688075836
3.3936733099145657,0.2069753331929096,24.05739356863528,-0.5546478417538301,3.2562491358068195,988.0139620654217
3.283323905655634,0.0381195818165407,22.889519873303044,-0.6343244402623658,4.024891991919499,597.6823355234591
3.087634381650568,-0.7917807012316673,23.20594623087629,0.1586289333238757,3.03072255216752,972.5682356497368
3.858997678145372,0.3017547380943883,5.133697293050409,-0.7139977546685472,2.6061332563722264,670.7650254430357
3.810644205922754,-0.5386603765644826,15.049828532960143,-0.6229187885014977,3.0643515580509373,45.15136441229195
4.148846748675391,0.975336015993294,7.192862120937408,-0.4247345419126436,3.1662479570046456,706.6041289942177
3.95930167813312,-0.1382249526763881,10.406091152816332,0.6508313282478961,3.0042412196670583,92.4495170370666
3.444233899524467,-0.4547519985329324,5.501034718347099,-0.4012332525893034,3.020906263896762,795.0115369284704
4.04584468353393,0.2517827528740182,9.016910515422612,-0.1927979952768175,3.5529629479230533,666.6856518925131
2.5584604858958717,-0.3624949941358601,23.318681898102824,-0.7733929905450716,3.295058061224291,192.0233691363445
2.9211426821519675,-0.003608567093722,6.789738350473526,0.3423149467593773,3.884457524756894,510.4601313464413
2.817081467679752,0.0149354675216724,9.419265954757597,-0.7892135637843896,2.66144096788824,130.35313004326554
2.6321488828404744,-0.0730119123988553,35.29520009685933,0.7721868706264163,2.72640961363479,889.0006108146658
3.717152789040576,0.1806953809175457,22.413894825113577,-0.6635926884669636,3.5216073237141226,867.0116069106004
2.79294378104277,-0.8411612620220268,22.38433979862813,0.1053245355534964,2.894781974532284,682.5117301162002
3.5541236850784728,0.9191532886420668,21.44958938552778,-0.6307350853052616,2.5168481823349613,630.6352949830805
2.553429615667448,-0.8843146468732073,37.02815239424651,-0.8147490338972656,3.5733380542820266,449.0785141348759
3.250601852334741,-0.9901200381311808,9.064863607018395,0.1267907014252802,2.90277078962443,983.3407684142264
4.092440980852449,0.522055805004056,29.295270072844087,0.6282513711823237,3.055799741372348,538.3631021010228
3.8817592643377545,0.7362845087550107,20.41544726093484,0.9622358157358716,3.1964438777972823,72.66558758115671
2.9984583118867096,-0.9213129186629808,18.44723495450301,-0.3744440215792919,3.2062531010065523,353.4731920607206
3.13462583767558,0.6355706597138902,36.293300588663776,-0.2094813691376844,3.1496099405819544,210.76309942990625
2.5335079141824197,0.2725827079584961,12.247653322379932,0.9162360178388675,3.861595826620432,358.7425105428886
3.889022520613776,-0.3078005469244289,14.365743685479002,0.5015392984221114,2.9599507360295854,235.3832618983576
3.1574500887109136,-0.7860387223460832,27.500866852054767,0.7633812236870161,3.881205495775092,86.70656759564022
4.08228745352606,0.6577667317652189,17.10571112582501,0.9923153469975576,3.931681140305648,372.04356781220736
2.95570818939889,0.7533015236564011,5.0515837730209,-0.4560027893112879,3.4417885343553225,926.5853832183813
3.5394722002389014,0.3604555584167066,14.083962411163162,0.4777333542660653,3.006005471866077,915.814348190744
2.640757735472715,-0.7633276181532254,11.83342110347722,0.1478997321380208,3.427683146982144,400.35662683983065
4.079939181516896,-0.7349506545163031,16.807094136918245,0.3547862597777456,3.818359004422299,144.24002111810353
3.9917024229959903,-0.4837331345977449,20.08448271796537,-0.4808471014499016,3.462231322309296,9.08703495121632
3.382160098980824,0.285130399070383,30.514337157953577,0.8529275959123697,3.1068701300967287,308.91772284376606
4.097714610142908,-0.569596255965525,28.594560343762204,0.8183505281071715,3.2551117916932237,798.555838130599
3.683250654347454,-0.0168109065171262,20.064959361234656,-0.5874957723276948,3.2679571091684547,549.717255163311
3.265925030027159,-0.6371233046087461,31.36997727899392,0.3479884162914608,2.638677373539322,528.1892617563561
2.569238963942249,0.3006513726938737,18.434360906574284,0.4999555969041416,2.5927611940805884,944.7073816724816
2.811787666750837,0.8504966348313316,19.38834609102473,-0.3319000686624616,2.941707834498509,211.7458620524195
4.12327097712743,0.9517305116382626,33.83266344774532,0.5639199543159183,3.876447561652012,54.96630683982207
4.019617391186628,-0.780527602644993,29.77024725936346,-0.1400847604403565,3.283247120410845,437.7650549881285
2.6592471053077573,-0.1353303979147961,8.378706456840428,-0.8328913249786205,4.026489998854353,168.02005219267858
2.733785605048189,0.0825331573522205,22.94291636007685,0.3702686197489682,3.019764727660395,913.2296862792704
2.627734228950875,-0.0340622558292895,33.599484970545475,-0.5478418579788746,3.92646948795934,44.58809273414399
2.996645902509871,0.8487923907530608,37.788786171158215,0.370887766443803,3.643052533595896,953.1201143941378
2.545069227920757,0.801403728022517,36.58586575500446,0.3923122902758504,2.8748289870050736,169.1618938424202
2.918128138253664,-0.5829789712853284,9.78103162779104,0.6783607899605972,2.679182341573986,703.2772277324516
3.270591019071647,0.312323675362143,14.886756039195934,0.2236620402064428,3.874055959067673,518.0153489085197
3.335746987698615,-0.4846342229775726,31.29123167329464,0.7782558478800199,3.252381488085786,810.6835703375918
3.794568073919703,0.0311920571585004,33.93475759095206,0.9813583141315316,3.4297790891753106,88.57833963664407
3.948708550541518,0.2032236402926623,8.884933457696018,-0.7257030236945137,2.5342343432137926,385.05805571896167
2.7998578770605795,0.4961463588590642,15.110972861820798,-0.2307778480424636,2.764814542986289,432.0672850666177
4.027542120496035,-0.3527795617009175,6.470863630999185,0.7176335423363094,4.137915910706357,717.6761577934996
3.7126942960037392,0.5123266577904921,27.144915756201037,0.5005315278776845,2.7039200009426487,756.6465493523988
3.454171235868144,0.0253770220330171,23.316537091815945,0.6796032133288534,4.079061234737462,117.97248362806155
3.783733334645152,0.6797226057334407,7.690172634665723,-0.8354553514458762,4.0839586856380645,275.09888155912444
2.6267360942556106,-0.2907556847184469,10.764722370130356,-0.498213908617795,3.645526127059008,920.5358851025546
3.1298025747453493,0.1245936317558196,20.18360968517853,-0.5635849308956555,2.7493816938258084,820.5075042321091
3.483076239693496,-0.3470773835120162,9.900843414366118,-0.0673804877196597,3.4390224342892983,460.3553731348269
2.752726637180292,0.8861516754894152,25.19929051134123,-0.6775623760497549,2.8044613968579086,873.5342642452147
2.6429815703954955,-0.7206974904873742,38.63974198926575,0.4147940000658554,2.6236494112237363,596.142649549897
3.3320696924718574,0.3602815435206008,33.90923744478286,-0.1447973325933254,3.1062134991765498,760.4000672874827
3.739312185669679,-0.1444537325282753,35.47024487661024,0.732191267223383,3.4781105943194675,518.0104313760979
2.779251856482688,-0.3874927584267766,31.16055423088429,-0.6990554579880051,2.704618079556976,821.4712527761908
4.176201808498881,0.385251904452329,14.076721406098306,0.6088281193549467,2.807516232344127,347.822347433046
3.400405983205211,-0.3980728661063675,32.595657013865456,0.6571111958121627,3.678817617695725,938.1811725247225
3.877192770954608,0.7202447943784092,18.45789646756844,-0.9800424466831013,4.122762079059978,129.07124693088144
2.9773130161494548,0.7287164996792741,36.23058743488782,-0.5608921535403961,2.5966983762219997,691.7201141346889
2.9776374223067914,0.3909344133797243,35.22416328800908,-0.896021296044585,3.1032141544233767,662.3179135395824
2.817169100106261,0.7549217252607607,26.53543087744307,-0.9725088919773096,3.191203913511103,482.0173397769325
3.910561066302243,0.4153618694818315,30.00484574249348,-0.2137921848811979,3.117534097848877,879.3930568071955
4.085638421701823,0.9110473919098694,20.691166937929776,0.9506862669581412,2.655417386089135,867.702097919239
4.063754547901693,0.0606042664983166,34.681473136051935,-0.8306233162493863,2.7717955977229503,361.2160589758118
3.589487066165465,0.9825119874043766,33.13854776433821,-0.6490167452372853,2.851590418326773,525.3182644507214
3.8906251020682383,-0.8260264801771797,27.213494563887952,0.3457433371961596,3.655376410071744,546.4070742121321
3.866242530728495,-0.8170263252044903,20.411319642892217,0.4774463014531327,4.0593557131820575,455.64954943987743
4.014943293286721,-0.191719356697934,30.275013240956707,0.3992791392442434,3.104246873518905,701.5652656029423
2.912096545105636,-0.7072520156755018,21.24333058087264,-0.5311487999769706,3.38492452341826,593.6846199087332
2.833170866112547,-0.1961381727815156,19.4117939554578,-0.8460410658700674,2.5682360604451238,276.7541319513086
3.249296669794988,0.0900538377938766,25.35678025462177,-0.4893272524735117,3.069141371214154,422.6866196574257
3.561053143343528,0.9926686752544946,30.527067793079876,-0.9872419131868186,3.408750672565725,710.4218150124118
2.6179142114877814,-0.5249133501522447,30.52107206423068,0.3892819177874556,2.8135803868018017,170.46251158164205
3.111134957073584,0.2000410962386074,13.31017139311822,0.2568529132291741,3.8833296843277862,857.857783517489
3.0299088293519985,-0.5340810504927325,7.368392666500055,-0.1545427262121355,3.0614839347535434,489.7858679882408
3.5639618567142017,-0.919781617175035,5.354591440971018,-0.5169987440143331,3.573479947391135,692.9089110247677
3.093656276841524,0.7430736123047526,20.64694403322489,0.0112683068439176,2.8172878976560605,797.998035219224
3.258209814028525,-0.4356258506135997,35.4994911966799,-0.6772652832232338,3.5154310431622102,149.38163622643208
3.347225213657116,0.6235395761802751,18.924281892575493,-0.0817519534266382,3.429977087546482,796.3907226197089
3.1671566826184803,-0.1004307023573549,39.69647655474772,0.323827265274023,3.3710677952445813,628.7340150599929
3.3811604090183525,-0.0895597018363976,20.51830050327157,-0.9637519179085404,3.1583664994222302,54.610303213469045
3.1300916500137146,-0.1124995613908577,34.17774866781549,0.9912622189977668,3.1788653863386784,953.3071675823726
4.170043648744631,-0.3906417218039184,15.059335876295291,-0.4379004996662217,4.0068466153322415,33.42357243550376
3.734355267328525,0.4181210389018328,37.61138018014857,-0.5597773481904937,3.908345740596285,432.83992105717226
3.3049020103269617,-0.0747540865213673,7.485268258663941,0.157613509023881,2.5822166087829275,948.369552788919
3.7223780388132175,-0.6310474937327213,30.44698665653865,-0.3871343545932568,4.144361023629506,907.7612436501786
2.9736989892022394,0.7345884019196047,33.98872383530264,-0.0913091538646897,3.825695502817116,131.28797200482424
2.887489776321301,0.3104839612780434,39.44386116627742,0.4654669495723302,3.84672503116285,912.8008004078616
3.491766051102405,0.2733393643344146,38.62194414296199,0.1537147622654004,3.989038372499821,269.6300087671828
4.14829386719975,0.7494033453683988,21.040522453502977,-0.5893341225864004,4.088536165880851,197.55590567847824
2.7769885260384304,0.450515320830273,35.57945077132207,0.0141192934774365,4.128507961874434,538.2201018684752
3.420778164923474,-0.0380542202277525,39.47004409668666,0.3190119633026542,2.8858635171015856,673.4197289114327
3.3453224600170555,0.3560323051181271,29.858497951815902,0.168897819514852,2.6605121260228177,581.7215274734767
2.520662606972688,0.1340325219733356,12.971240763612336,-0.9617102640063266,4.041971332705537,687.2343434606829
3.78272288594396,0.4135544337708916,27.291581110916013,0.1534047977155126,2.7158055033834536,867.0601823789473
3.127153187268613,0.3800097816413315,38.742744577153786,-0.4735053069639776,3.660318813904168,843.7287927102575
3.433685330000405,-0.5057935319797071,36.76638508947942,0.0968383259871252,3.487096884046378,282.55026751863886
2.995089538336672,-0.9321080428284024,28.23263901614562,0.5675196849682145,2.890989381737509,857.9349139973287
2.692504677929284,-0.8032087005732054,30.14159113802014,-0.8944694842807948,3.961397087099432,416.1609464061577
2.760697385297336,-0.6996619983659167,29.910298201111704,-0.5706082250732891,2.6815611968040183,265.1707411833556
3.2664269313870244,-0.6517813293318313,21.69150372637895,-0.8993009460612935,2.919833983886217,629.6835952592029
2.5184240075165074,0.6113403059001064,12.626239398924652,0.995256594804313,2.7423461435562966,443.439102836044
2.920491772963436,0.3622357079299656,9.99976005552935,-0.2893605030522246,3.54621532569542,877.1275618985018
2.8136857329058413,-0.0695887754325637,32.61263651216025,0.3455292288249334,3.9572925935286447,101.87876413955654
3.6631961450706663,-0.8692873184021153,12.886092548293227,-0.8649949066323561,3.621019035539396,727.6311376996887
2.796422929308485,0.0799707594317109,34.2964393835029,-0.628706590197514,4.192467130834169,816.6552432016235
4.078141556399133,0.2524406432628308,23.25059911652563,-0.6566121845891009,4.089040856330112,582.0701311242236
3.753752121786573,0.5974283833091492,20.00457073452517,0.6818174208058143,3.027524419577731,361.5401877629566
2.7731583345412445,0.8611904292878325,27.80739161670468,-0.6786408305763096,3.926051565236917,834.4582528560967
2.736762523527758,0.9517475098201076,37.11200450961966,-0.4567336374512607,3.9644576662362514,910.1961241446965
3.460229926546448,0.6839971057801231,6.260658640199924,-0.1935844877334955,4.060000372437537,19.972932578028125
4.175605771988021,0.2372227564303686,8.522311748323666,-0.1149089703705088,2.9326182637510425,676.3983689100061
3.4224958790028803,-0.2987461375816385,16.59714524860678,0.6070753189252067,3.480868741110059,50.175350319974
2.8009178232704697,-0.546687195546024,31.202583194417,-0.6294592892333526,4.045729580542887,125.25123109620796
3.0920342939396104,-0.0964646425255417,37.52298187711489,0.7244059473163775,3.9604899879997584,974.4393106384754
3.3546246631572147,-0.9779374711427056,9.928103211243664,-0.8887889566390788,4.190361514565716,991.6243429612282
3.3920859337748044,0.1358904611052589,36.494167099054536,-0.1909452288522606,4.022672905253248,322.0675351957297
3.963241991535784,-0.1830935738586026,10.808421335352474,-0.8377016429275217,4.108071894854548,249.7441792293552
3.622335540420143,0.7435671331844034,26.276682493174636,0.5330300990651693,3.642826168400131,404.96858737618845
3.446562146179195,-0.1393882102010746,25.01203232169128,-0.7143160703713363,3.618773770696037,480.5599408362681
3.11723990387768,-0.3889513786839529,34.76218003919634,0.0211615149191197,3.433146373788122,858.6001069824982
2.99077935251019,0.143744542454373,34.97880283117744,-0.9773949268219552,3.3204221006245853,483.8772645642591
2.6582747052700286,-0.8652987970624566,14.110040014810105,-0.3844083366385087,3.7809025881213145,332.17252206173254
3.98148300331912,0.1601724156756223,10.323649912779551,0.7549400933089638,3.0796295714404494,630.7704201726207
2.603832531753268,0.9882787224423352,17.608187158014978,0.1135698218563758,3.8750047499358633,877.120467662288
2.8507673212898474,-0.8647748728155702,6.639816798466109,0.651421903121334,3.9384111579013936,869.6958848516339
3.0798127967854394,0.9259840077179892,15.685873684385594,-0.7791362731777947,3.184596325690753,387.9727543978864
3.403302873665852,0.8724244924873796,25.02170251792553,0.9943647078059008,4.097266601342782,10.513224541653488
3.8406152590817024,0.0959189779473859,7.177112915764596,0.6618983421101368,4.181028920216227,310.37088910812
3.301679520535269,0.5615231721368796,17.183345760890084,0.4124923251105243,2.936300252216363,452.8833604155117
3.7599051037931006,-0.7979083779787066,21.029851565125,-0.6285338559896287,3.2117817436570637,141.3835542163402
3.446496918123681,0.7240289645452451,5.676467082116036,0.1315631096819927,3.168307056952034,758.9768318540306
3.5146328431587115,0.6838671335836173,38.958998840412,-0.1477575240955384,2.5667505878027224,575.7924711223097
3.877940662329116,0.7960610978999738,21.6895213911236,-0.2288048149733332,4.024176919397318,767.7646177143376
3.737920885546126,-0.7330400551681124,24.12506106272465,0.6346106244264735,3.4361227807021595,143.06195272340238
3.6262878834017696,0.2317263763646091,30.29850061229693,0.4091088560548905,3.226726971953456,602.4691704572665
3.1454770938843537,-0.7022238993351106,15.637987928925956,-0.3495776074475774,3.42935135032543,164.56605842933493
3.79475334605882,0.7617415183978569,17.177949405375834,-0.8719873067827582,3.946956250224169,756.4510879889118
3.774932799678602,0.6318938779372345,13.41396195127274,-0.7672830296710083,3.1487480484855297,959.7457214619692
2.528199309177356,0.962372356054847,7.437440185684201,-0.4795268040295413,4.1784714695852285,565.4159397525381
3.0172118130312144,-0.6388493097453329,17.157016419059495,0.4653981011805608,4.006346384982978,41.49732550990637
3.2110131616940523,0.4362461524529888,35.92126670451212,-0.8659669244975801,3.3018041342760123,927.7457330754072
3.4294074748835754,0.7401977478018598,24.02383760699261,-0.2047752428942588,3.9459766976256976,334.44252711810407
4.0926105568520885,0.6633940873515469,10.706236792605685,0.0883973250074043,4.026523867514532,200.91133968552245
2.96589387516825,-0.8828981415120416,14.286414814441343,0.5145659565510015,3.081143371259339,411.1272782593792
2.5448238566453285,-0.9848742500437158,37.42339123555304,0.8759304628677884,3.192521391161815,775.8772544696931
2.7981311736598644,0.1964505881274776,30.001432250724918,0.9493811920971028,3.1831896611024573,790.0832499714378
3.5699776848299463,0.6356684323500432,14.651864888797494,-0.6926179143115909,2.774478317909208,811.6270144448536
2.6597692977294773,-0.9804583051616328,6.597706092583431,0.7651197535446945,2.5995610189837075,891.1400917935094
2.7113052799254262,0.9673578505268272,34.64712894443648,-0.1144037269125251,3.239945875416142,93.017409262675
3.6201707012472575,0.0167210938325599,12.163803817004938,0.758660431356948,3.6833357646639664,669.2682917508349
2.914782393744442,0.2770518953281711,21.406878791257704,0.7817110699662935,3.741376920187324,57.391843688273546
2.839445429669212,0.7240853019786269,30.578733774325546,0.8888971653886069,3.174886675752706,258.9042747931396
3.211909892316524,0.9966950227858992,37.23480823838016,-0.5370495724694038,3.265595655827348,44.86055762771701
3.8971621007936057,0.4093615254732934,16.9135486489077,0.1937037537755188,3.83012388076174,841.6220075427741
3.6305623467286345,-0.5587760945775775,29.40232836683729,0.6698944113888075,2.587147880599197,159.66634936715073
4.100490174920093,0.4662260448305619,25.20199603570928,0.8781369589005832,2.885513463043398,515.1670283865888
3.572935664195347,-0.1813319873699139,15.497168902744464,-0.5552773905036594,2.8228914319778537,597.808013401514
2.6660425938108525,0.4495335430575229,10.29363900572271,0.96073748188437,3.849490776643668,969.8188646337848
3.1046436179904138,0.1755387217243964,29.54094515565909,0.5747439162985459,2.867253448668223,897.5323265220841
2.6210207023823893,-0.5055378511936459,28.553831783805133,0.6298794570810784,3.369902660094992,484.1730321634074
4.137478317049039,0.5647709681165469,24.00586043851821,-0.6605431428461537,3.995322544409996,359.67556122306775
3.0051069165593978,-0.2755291166954232,24.672547804089987,-0.9194839939815358,3.7157125336887096,87.41680787108386
2.6140300115603265,-0.4281864215216797,27.982087579775666,-0.1646660083660105,4.168137881565171,162.5110652974563
2.607737449803705,-0.1209766227341797,31.95553741149836,0.8943229258004957,3.205747611787668,915.289940379274
3.628013532428408,-0.135846234111608,31.399274067145797,-0.9346818784310084,4.121175433310473,144.31204368748152
3.0763506447827917,-0.9085159323749744,8.884631422471838,-0.2911501024138903,3.5525936501219224,204.8024090562095
2.848737388819412,0.8378530672791089,8.563128903233792,0.323555464943277,3.5670370911699747,406.7737485720052
3.1812972034880542,0.9693394790490164,20.281496641906813,-0.7882513635737414,3.0332953120871657,718.0681612008608
3.883451533501813,-0.3175043447476873,38.46165002641766,-0.9399479893412144,2.510989408242508,492.0017294320828
3.309285683738469,-0.9476065829358704,22.36905635088265,-0.2046311711338906,3.226078577112584,825.5348415204156
2.8818281989979693,0.9599406587177012,21.83115513110532,-0.2380174526632001,3.853948954589912,996.2244930446386
2.939015460108229,0.09339482542814,27.673610609668494,-0.0148618584934048,3.5975243809993,439.13066080485055
3.462887888504725,-0.3309774225161357,38.14817334879817,0.1767044419663066,4.1271292153176535,936.4933313102256
3.577000508293521,-0.3297622914817162,17.333123131337906,-0.3979078443313739,3.43308376262242,326.17025412825353
2.941019836833197,-0.3461367673238418,15.64695518726983,0.1460844012380313,3.76066238439361,220.47048099936984
2.74632128255508,0.3949429233385673,29.92049071157733,0.4109216605669725,3.7106329779970286,908.8264977168624
2.7593163729542445,0.4750167189180139,36.77645778228668,0.8766314573026321,2.6199105839080263,100.15499750676692
3.503392133677448,-0.7292918354446289,18.87937886964871,-0.8974123020375688,3.602389746730404,498.9679442207931
3.8498428217595033,0.6030742237659792,15.167657698499712,-0.6187803338511004,3.9722606475777855,382.83339476843526
2.7740761883318075,-0.5511188563266787,12.07054839408715,-0.5159558400382456,3.3504735098531926,865.0710993753938
4.154117943079157,-0.2048112040744114,15.544284126600012,-0.5169263165966365,3.1201981993532577,583.3072481842046
3.808137986426293,0.2125058755019548,22.250260455660637,-0.8676696223311191,3.4252374729259265,146.6145571598423
3.3645701749799946,0.8555045663904259,29.356469135908085,-0.1319580545824823,2.79690021602376,332.42669217436514
3.842350842750742,0.0144696173767848,5.817323371486507,0.2474861697280181,4.126424737611895,309.4695490886009
3.779036700044056,0.8677500350558098,18.579536598140432,-0.97123710785583,2.8010398341753926,320.73358231157124
2.698726669204219,0.0706202629051833,18.585799714444843,0.7911256962636775,3.080115564588125,243.61479198219428
2.6289676577847287,0.3902891080951876,7.512153217927956,-0.092020177600602,3.1690440713807364,426.8947278233026
3.67971235559407,-0.92314730207535,6.749266003088756,-0.2009624308261304,2.6159172536012867,652.2811128184462
2.636397367624792,0.7361133802149007,29.96224091489162,0.4491965736952579,3.733131720399258,640.4472739932529
3.4168818112566064,-0.7409701574343917,35.884572894256856,-0.5711870340136709,3.715022016953461,281.91835559725166
4.021206495727003,0.5975664715473308,38.09943514500988,-0.4250766702054998,3.44552417747102,84.96628988946642
2.907255214133853,0.6740266567273441,11.081655759751031,-0.5032327825135849,2.50005222203715,201.7949482524569
3.904977692383161,0.472804030131281,15.892612327218774,-0.3467215011481781,3.108837518099546,247.6316430714387
2.5186929087194168,0.0345381128832187,8.588058742326606,-0.9668150387348042,4.099686948376544,341.5703870315679
3.627953007483695,-0.1081945872465033,35.04195868796923,0.4967117073314795,3.4203365155426453,434.53096330449534
3.5980593102637224,-0.2060369658514331,12.419791914453032,0.2302582810823996,2.8216328470636034,962.732583861139
4.133819539698074,0.225879164989051,38.2825008075892,-0.1845037899945354,2.573270185212151,16.6715505996331
2.922431537684592,-0.8038348384315108,27.08226265802072,0.0629098283786107,3.782767914049752,940.7508592344612
3.521895519963455,-0.5006639822816281,7.2878155147534835,0.3480398381175853,3.655485268616687,181.8176528373388
4.07346647194152,-0.6296088642650641,10.658500268293666,-0.3049624093724907,4.124261925444715,981.38333424128
3.0178434075947305,-0.3202500724638677,8.993352471077667,-0.135962144810988,4.16137588536296,617.1942271169667
3.22117741571986,0.7378099689574364,24.519808918751536,0.3550632277673693,3.915440014654423,213.54285449034137
3.4130811210915315,-0.3937432881093428,17.904750980267835,-0.2042685939651456,3.7196904840402505,675.2308375620376
3.038767408765672,-0.7496284155948991,34.025037976086445,-0.7655921886395332,3.360083812343249,83.2230662080723
3.5836308325469517,0.0825926706021409,15.272108812284255,-0.357675694728093,3.4972606610822266,893.3044937881227
3.15261507633446,-0.9616154463538866,25.240443979712623,0.3270471878269045,2.822788059463064,674.2935737000246
3.8322101216599433,-0.6639715845102732,36.7138850746374,0.0760454107278059,3.647318445192063,65.2767575664639
3.3236890748247365,0.9152505690107604,36.84801003490372,0.7481435466103703,3.67354883973124,760.0349018031739
3.63083527518354,0.0540829278233032,7.024555730650621,-0.1065709454829593,3.730849620913966,655.8207673273928
3.9546839957806856,-0.1970113682774235,29.276632011582837,0.0625880367018638,2.594759451098651,586.2354987807616
2.738142825902091,-0.3792760821528524,36.238315148419616,-0.161456677667956,3.2052036143862983,557.6886911854527
2.5668306377298684,0.7601581751229165,34.37684723246008,0.1425209398741946,3.076709123995522,76.96918300801737
2.8668957467446337,-0.7908643193311995,6.28524768752874,-0.8517891548502659,2.757457387290108,605.896815179483
3.574123260688659,0.062339056002064,22.690929126865747,0.5674765021504729,3.19834097699934,49.29449276441644
4.044052006143311,0.4167259534300696,16.732281657980543,0.2604944389123158,2.7009716578948506,309.69171110518914
3.285409866195025,-0.8666959188786201,38.30004336266413,-0.7625818089817771,3.3380268518149623,999.3503004722002
2.534121036222135,0.0799142605611191,15.43182730238051,-0.5237066926686074,4.107774493784081,572.7702766869457
2.913392724699072,0.9836199026987268,34.253907476868065,-0.1935787336323544,3.673079710296064,451.13006979784143
3.3842779518903887,0.902806684413314,17.208718688931775,0.6076097809669503,4.085679996402533,260.0480402524339
3.609668383348187,-0.9813367603458134,22.74221532866421,0.8328410890641325,3.082980426690633,565.8517874106719
4.11569952293015,-0.2228837974593085,25.605603274596195,-0.9365124692540228,3.8263615025105775,609.6819082757773
3.3545543394890647,0.316903669316851,17.52293928639046,0.3329260950536714,3.1834462687100094,899.2489182892025
3.5362593677658247,0.5948520432138562,21.074281901062488,0.7906921783063385,2.675837995262822,648.6829533573645
4.095178776595764,-0.7155012626256076,36.449621163619376,-0.3132265956447115,3.0865286278717625,104.66044034648114
3.919381402558809,0.1229691759190474,28.13549889865621,-0.6376334418998344,3.0816254201902216,330.9147657801952
3.1408055300223428,-0.1717404949421459,7.646176421586277,0.1557822253881766,3.5562620610647024,455.5667819901088
3.4703231179371503,-0.1055949189903286,28.0073718759545,0.8212114344288435,3.724652797596958,628.3471175494444
3.1368414448650013,0.9752991274721156,25.778127692298845,-0.3723463835511689,3.904084924535028,449.9436742688597
3.491726900665172,0.315690609206072,24.928207641379892,0.1986042322788754,2.729869433311853,316.9041377206248
3.754424758382807,-0.3262084164577863,38.42711790197461,0.5034939847916808,4.115905795622496,578.5418182035314
3.889277740342067,0.3757714446016267,35.49215687920682,-0.2862280496577796,2.7181539657209,676.6172335525065
2.6870882716970503,0.6190321494497562,19.62163427462849,-0.0821189668063593,4.03044898904352,485.6342984133404
4.026692292049214,0.6930286773805561,37.1383680336403,0.8769643164283092,3.082404840778924,863.7896229650033
3.355809360453257,-0.532575836179134,29.744177060950065,0.8542475637288987,4.125696198572714,449.0377603699617
3.0114931266885083,0.1314639279915821,16.002253961431194,0.0766638865114268,3.91358116629078,766.3472131046524
2.782681726885335,0.2723547294164654,14.592505626976685,-0.8987550554618517,2.8169136682517566,769.7314182968802
4.025087441919381,0.937755710571383,35.25972633329345,0.7526388662846231,2.9837203556507874,63.79455625359787
3.673671208669921,0.0800238292090211,7.194136756765305,0.9398530506903816,3.140349948730086,459.30368821307377
3.852847538041372,-0.0022236930972878,7.48262756468207,0.58311640518274,3.165962165955873,343.0267125900244
3.112324090399147,0.3789299382745315,23.080041995609268,0.0835219285351265,4.043631527216826,21.846711986201804
2.6753105770210857,-0.6659161841981003,16.92114583034521,-0.8654881720652643,2.7095824248082097,243.99530235247224
3.0406059074521687,0.7242552345309012,38.849431534070966,-0.8749474085143085,3.686315735358789,56.22429485097224
3.991476900747668,0.8640562110200349,15.638124043425334,-0.5000861072047575,3.0359070389040665,935.3944896677988
2.7747688139608435,-0.9557528969420056,19.789194990918062,-0.6122738641262147,2.713434642827411,642.7774134799279
3.700611786166044,-0.5962930957541033,23.949266257165483,0.8563641962279029,4.187274854275351,30.353805533004262
3.2279130521394346,-0.7375102446352249,7.227431825032482,0.0002255041532539,2.9264944698141906,797.8046813410725
3.262357387363144,0.873211384589923,38.74060924911958,0.1323613824501417,3.3323949292544555,386.2877051455452
4.173483707196039,0.1213201888323418,7.745953571099339,0.2455068064796821,4.134636244633863,248.28747963084595
3.468812464281238,-0.35064814621988,38.52769423698697,-0.4001158604459547,4.186630587113591,737.4314414271221
3.8896540549553498,0.9161469602387604,39.05773570403165,0.0281908851025194,4.141914943521165,446.8741952004389
3.212173264157732,0.3129572146630053,37.18358586296174,-0.3934282183014341,2.6486590530598053,595.4148016201084
2.904910727779435,-0.506642270956754,19.32942251359564,0.2708287137238196,3.662579212345354,916.7560031187468
3.368270414381862,-0.4804924324793476,19.96213907722153,0.6769836676860497,2.501890560133518,852.0484158046929
2.9121998561790403,-0.6951679733391651,31.63632265877741,-0.919881761898611,3.625933355842224,840.3481775885081
3.358929033161357,-0.926657146132914,19.33701132133312,0.9977852240665812,2.9179406522387805,958.138119804496
2.8087161185624234,0.3187078444115654,34.882472259663345,0.6019614008067298,3.2095711299595515,16.912799921607323
2.6880739528238524,-0.0811064631880267,7.668372629074756,0.0933913641442603,2.511869845196592,633.1786748957722
3.991240919382285,0.7732084304809335,32.4816340101943,-0.058079495130533,2.702539142393282,682.6711524627593
3.1959998087251087,-0.2633809389863033,38.83959249297499,0.9567095741137132,2.83227860062628,418.9236247929186
3.943679797840103,-0.4534809460035813,8.940313664417795,0.4648020981167582,2.928930276018468,58.45798723687701
3.047534581491403,0.6840665887528425,8.687772278779978,0.8168691037587505,3.0319632316489984,819.4956853860523
3.2414150995300384,0.4441418764054741,28.206651713119783,-0.2096894050553899,4.058031556896374,84.21301117709834
3.56710369022141,-0.9757584507122136,14.096674273499149,-0.3722438469699454,3.648497515064646,107.0291342110381
4.0884239251073256,0.3227412221408288,31.50585724970536,-0.1375322604168842,2.6323560833349084,342.22552477890457
2.738192398802969,-0.1747563183027525,15.602581697415022,0.6108600860919582,3.0759999201187727,585.8083942152443
3.5510331116015035,-0.6493941152846807,18.20613188871175,-0.5006620945195397,4.106540909786967,48.766318813140416
2.543156804622586,0.4656030895325012,32.31279260524086,-0.9161695665674848,3.009825908090712,415.6277820291552
2.757847295545677,-0.0912453308800782,10.155606549763965,-0.7602178130545758,3.32149452898824,762.1296204503246
2.979458773371221,0.5469462513732013,17.991034820316965,-0.513206633562939,4.131644734688246,445.5178144931612
3.7453725652574255,-0.4538583800543752,32.51719782913703,-0.4495216379259834,3.392583878417154,805.1192087546649
3.733723164260212,0.5297665230842565,36.25815718183952,-0.8752118628034455,4.100506203760311,463.9854174403808
3.6942229427780857,-0.0401223305657529,29.59218205799307,0.1213565898778998,2.604458693222339,469.40684198925806
3.069835310798032,-0.2361207206942082,17.496027038950427,-0.0452992037551973,2.83867346592303,496.74342800598447
4.177287283451999,-0.8121985684211632,23.95966843435014,0.0553549324433899,3.912058692734045,217.58793993164448
3.4922153901464825,0.238980692019229,25.204766023159596,0.7259936627177441,3.329902048028384,579.3134027884608
4.080486008982375,-0.5523647703547538,11.447869373330914,0.4281054467562535,2.617969946037112,600.7921493396191
3.2232419456479087,0.0051321529268848,25.829608621698853,0.0494712753228643,3.1072269677881765,156.7604286516393
3.4807366038648104,-0.5737905919498334,36.60132483171955,-0.5092953716675779,3.1096566893211053,701.09758736427
4.108396285627176,0.451959819970591,17.356763706010582,-0.8597837207174861,3.884452665137439,588.4312404534523
3.1192587637817284,0.6007130156447231,14.66593452373148,-0.4285848646782193,2.810782760516684,890.8321482896336
4.024501221864923,0.755948640890139,18.82958176640261,-0.9007712533223252,3.994775245466912,286.1350424583144
3.661111514807807,-0.0154442871039304,20.047587708655183,0.3239378895877371,3.176248849579467,781.7798259287263
3.810550746367898,0.6052866195914208,13.224069174858348,0.6112976107266839,2.912001281732496,16.969129315466457
2.802661143678577,-0.1211900206110956,37.1449251250893,-0.0488076163559834,3.0989559922293166,93.55940691233556
3.3372800794920687,-0.9377318342309772,34.82923560369135,-0.8845356815497656,4.0492766231336725,410.731543491012
4.044365954267168,0.7902354814130728,13.469199561096588,-0.7910909637996972,3.1406736965902207,909.5644273803013
2.690466133685689,-0.8381614338974956,17.87250957146535,-0.653007899289956,2.5802343928855445,579.792843832955
2.794600344120438,0.4631790435106637,18.81016264591762,-0.989373048663308,2.568485381922597,958.87187319041
3.8415911056324754,0.5640561753407718,20.145519760689663,0.1938213810933122,3.984173349925846,625.6499129414531
3.042833183903705,-0.5883175799264635,29.089598252308296,-0.177616964010828,2.6304887052108548,687.7692063657348
2.5221032699682517,-0.2892308626285211,19.882986490319286,0.0805930635806144,2.6525911509522677,952.2640145333722
3.65855462778068,0.3004021847963067,15.265801377319764,0.9267206408920758,3.602870093621531,906.9855184382436
4.098391410422428,-0.4463444055298968,23.68886153917173,0.6436618931707185,3.4717330041210044,853.317186666586
3.4691039891519204,-0.8715821258497318,16.093130572689176,-0.216281253623948,3.1030385464413617,417.1642789757021
2.8947615817495893,-0.1676920036404769,26.78447745480988,-0.9862440755607014,2.8956381931564383,163.61620413827626
3.770700594827386,0.0716553689461625,29.045674327613497,0.7413380682510353,3.3509848396324133,342.39512329585966
3.3698516515966324,0.329823448974436,5.152714437760818,-0.0833528108248491,3.8640732519411753,186.5900968731675
3.1384910194879048,0.1192973669738282,21.537267425227974,0.7099480391229487,2.8550125903408032,179.1639182901509
3.9362880286480726,-0.109389489994669,15.720972457237444,0.5217026618615634,3.150732970685169,576.4889031398659
3.7496207744666057,0.3134733290825844,16.16033864123986,-0.932647192251072,3.992656971835577,648.2975272988015
2.950844025058933,-0.1605453661477554,5.434141269706018,-0.6685036460695586,3.491321372469292,399.9830182935685
4.054500308072432,0.4713262284783797,21.16006503345917,-0.7290809264106184,3.645385590632952,616.2907483541446
3.978823815505618,-0.8356566650471453,24.77798593584647,-0.4942837634997776,3.808052385016647,70.06869572118946
2.5733718503159797,0.7570311226026958,36.83091138280347,0.2193948503052318,2.8541361630144806,60.90554323518271
2.577016816612476,-0.2579224740307946,17.66719967932527,-0.5954916389509302,3.4429679421402244,257.6319987635292
2.7764487968863154,-0.202354438206199,8.82424736083675,0.2452610671973161,2.985564180555813,181.7635977611942
3.1413830772778586,0.8540019358485906,29.588917553718243,-0.5849181275885931,3.880308598884402,49.00464497127355
3.2392064756263688,-0.0070776952894004,22.667845940658484,-0.0998827211475494,3.520427397169291,932.2668839209722
3.5769129737044505,0.2846510518104548,31.39868908887283,0.3760911141482577,3.7646388184136574,614.4994602551925
4.017541908830857,-0.5950388796695252,6.91220470003403,-0.0319588549811917,2.7748807405657776,622.9540441833817
3.772041473652219,0.4613010204784922,15.967177115480007,-0.6497537197392935,3.959786806115776,192.49315063582705
2.824169125128233,-0.4955179596532768,22.708526770722607,-0.8463939033711569,2.8264273440580623,762.3612137071729
3.531415578850855,-0.4069288374246895,38.60474615419065,0.967134413027326,2.8232189027418,815.9557894152066
4.013896377257821,0.5105408409936159,17.60176630653424,-0.6910155919901484,3.761362140173776,274.212889124147
2.6450944357336947,-0.7569972473981639,32.56421800505727,0.9423018147365716,4.11122548654769,211.50674928176804
2.7278258883660893,0.2219619777019834,23.29018097678608,-0.4527191642784567,3.6271462463293513,112.50313052663176
2.5798421435175936,-0.157503893411856,35.15918163255708,-0.1607452343863793,3.57906503987685,368.725155470846
4.07519896277454,0.283943000886532,26.12225836151825,-0.0212149251868225,2.8564734716313414,982.4825806012478
3.9826106452050576,-0.8304159679083936,25.77463273825751,0.3174352774540443,3.044682186438365,795.1102825267246
3.05281164744547,-0.0651969775002605,22.42343778120016,0.3602237708939453,2.601903611464224,504.9114512501392
4.055269463374763,0.541843689288104,25.398239227922137,0.0818100076761616,3.7856314454181375,501.9454051318417
2.762416615966144,0.9262302231783476,32.08969823534669,0.8664101755186124,2.735231711024946,984.0894639665142
3.737967792640161,-0.9415054339308816,31.208921793715728,-0.4152337791756137,3.461766416042592,225.78955215062916
3.925158798008934,-0.0282564816273487,33.15530226878268,-0.6650178218117846,3.877273852931494,528.7073198840526
3.874275491797984,0.3925775517562795,17.23272302303866,-0.4473617830682928,4.180315689737918,379.7374048216488
4.121886746339828,0.4180925234448653,28.04891804845192,-0.5789861206693141,2.792110082608019,106.71181910235428
3.65185941513188,0.2338538367514844,29.02145188401341,0.310347429048676,2.8007248164007725,425.5056592718428
3.233821228590455,-0.8247145064723229,31.86486699812714,-0.9390726273820796,3.151775139799041,126.110141678625
3.727853784154621,-0.8016438008255682,16.62668615904616,0.5047957646075758,3.0373722296298498,718.699265972796
3.302513806686999,-0.0789210054517199,6.3625487163983605,0.101326758881703,4.094709037265823,8.619002591780278
4.194686228138111,-0.6050590202801254,13.785048414180508,0.1243776221290502,2.7400384080132145,736.0354004260655
2.850916161993025,0.5772299293448129,31.565184888267584,-0.7995088725542467,3.849689726868148,965.609831380884
3.389211222107503,-0.147833232219257,38.522643034587134,0.0030359207003327,4.078973533169405,537.275673668038
3.3394525138194644,-0.6469439359889835,32.74990466618438,0.3449209960500576,3.2910727876971264,437.8998871429123
2.524725931635399,-0.4503879289037278,7.551564237876622,-0.1627854501633401,2.583675554719295,279.13047077426967
4.0987795933999545,0.7372463359112216,32.81023975450666,-0.1684497929533561,3.648626933752024,979.0318407916674
3.770935946299627,0.5386097872826796,11.854157944699452,0.5140962293972509,2.5605033923710097,832.391041701908
3.966018304869467,-0.5665203998184487,12.91101492355999,0.7790386220875263,3.792009426435568,647.3421343730912
3.0502547018872144,-0.6503227454791749,23.582818744423285,0.6537171219455062,3.127531529475648,232.87914615181504
2.6997946195210782,-0.212271188691683,39.78469361148944,-0.4494235730962796,3.1846571240696124,800.1375827520759
3.4535945516101565,0.7684129266968156,38.16908090875648,0.0110175207797278,4.006491199895189,610.3760597816921
2.669050367690887,0.4529234302260096,33.38075033527714,0.2596413088694154,2.543092627248696,800.8180998597503
2.6725016228722547,0.3665907532130104,14.80130653426713,0.7175285586989444,3.4954583389486134,801.8401684528059
3.1324307458477314,-0.6604841898249185,20.068526846177264,0.7762363778680716,3.597472708426628,867.9796267309029
2.5307873124954288,-0.9166541987952316,20.29485599829673,-0.935113107905626,3.006712541989007,502.8755200655849
3.2292898465375317,-0.5025714548247402,5.890671596701281,0.689742695510458,2.6312188013849958,457.9002951270714
3.796179765759174,0.4747141547755993,23.538090338096698,0.1921639104766119,3.9578020331782704,252.8374006902893
3.3537315175631126,0.773849800418539,24.74259100917312,0.4295065528878916,3.797976934235961,320.0161130873918
3.769035388700641,0.3609986041494262,14.853241944522548,-0.9960157295618596,3.3468209040316723,742.3699370897818
2.765231688752142,0.6131222957228994,14.518240414502085,0.1434919662874973,2.7537240985605056,869.6496848121714
3.0815389728170426,-0.2482234297084613,22.52112499041477,-0.6711889418422425,3.7008323945769934,267.99726688437795
2.859461611894126,0.0419159545440843,32.36383521707275,-0.0638618915314197,3.959460972737643,326.7388905686336
2.938409065236444,-0.8702928110340633,18.76183203597728,-0.759224842421822,4.062653652791333,892.4690939520117
3.5674306621345435,0.0659155731026706,13.63883542206658,-0.2509035132408375,3.326495211978301,821.2594203728455
3.2465293445693715,-0.2644812982454207,38.69689225886221,0.507736165419826,3.137202371394996,39.00642076281813
2.6930479067393693,0.6119850995503162,7.717726713506178,-0.8345263287636202,2.5235656310518624,112.39702717601295
3.931108920489063,-0.8754164037398746,15.602050509161742,0.8572611242307882,2.5003859649710343,643.4289495173308
3.636693473871533,0.6449611272687219,18.268291703517768,-0.5261333501867027,3.007063172198009,211.71437214797083
2.543212515464962,0.5591689471335066,32.92699558655629,-0.983360115545616,2.939605704929133,421.7126175259164
3.221022141214056,-0.3005935405083009,23.25108735525152,-0.480658322099172,3.8961252627514975,378.31560716525945
3.851954430161813,0.9933937077059536,12.988237722279468,-0.815278943777243,3.93459499909258,97.6100381089916
3.557547390387385,0.7255941550864571,21.675294522032708,0.9789022619301128,3.788668715719069,646.3099336573813
3.161642853848077,0.6883408979383943,17.7607804869139,0.7160465420144584,4.113267133979902,966.6222208961076
3.026196947686757,-0.9487158683871286,25.073513300945063,0.9944757998072054,2.9899136941312,232.85855687609424
3.3841156360022784,-0.951198436886924,29.774228403041903,-0.3069516640945635,3.459194088363711,528.6566039892756
2.6105877080749758,-0.5399823254245939,21.237637034091765,0.5018795967266365,2.638090379171344,564.4165877797477
3.5899509759050057,0.6817431588518452,12.321491289277477,0.7967729331680697,2.897064513816639,235.03129881191865
3.574849289463202,-0.5507687763122961,18.01034232408201,0.3677329036706864,2.965779769098952,630.0186806188274
3.5914537984622896,0.5165263918580452,39.18801149787308,0.1067423794995436,3.9449308618554495,304.4904243540304
4.102946496651283,0.3665175273191918,30.17737678292055,-0.5994359642647482,3.5088843505980307,963.6851886870492
3.37419854530314,0.6890987970701408,39.34539816740363,0.2834687945971164,2.7657388502050635,52.82668636472199
2.892827154199721,0.3777706041001814,16.60476446735178,0.0048545743327528,2.8469490239647923,204.2564679363964
3.851179216020802,0.7881984073582688,31.01176195560612,0.0384491415604102,3.692955065591337,664.7392049108463
4.013448432614558,-0.1026127547549387,18.136546777186062,-0.153329711693605,3.458617965794184,915.09845449003
2.71673072596437,0.7841693778804688,33.24379218093978,-0.3120846268846289,2.8990825169324514,257.15235110909583
3.884596420401191,-0.2815332612004686,20.624683074055376,-0.8232301060309626,2.747055377114857,809.9787436834724
2.987120128618084,-0.9335937824172668,21.871437033922888,0.8035480570924574,3.0873174513298576,96.69455978756712
3.643281375330965,-0.0956019434331294,6.083452682177024,-0.5359636393823786,3.070131730569686,491.01976266891
3.197674605882425,0.5800608726141228,36.1575250922661,0.2166390000155433,3.193222658490477,957.971066482454
3.201450050749425,-0.8530065053399747,10.840107059456347,0.7958383739153316,3.420159188600853,569.2064631294277
2.8091961434785464,-0.7432114210917495,24.33753385927612,0.1354546358621091,3.357575100837904,66.05530782216007
4.156471173032483,-0.2404284396415403,39.32587702542003,-0.6066928300940826,2.9442661304051523,569.304984412202
3.1181703240448,-0.038826845346704,11.559418043415375,0.0428980483337602,3.630595181311273,683.1142857230466
3.90885376555828,0.5365468277290364,33.22412660314939,0.1980891743007631,3.801117718558669,502.37181997209547
4.148794005402987,0.476898418502653,38.74100965079298,0.5582051727915736,4.185605718906557,312.83419752422003
3.654473942545633,0.6521352605050568,22.51404009985704,-0.1400295717578805,2.92893505142976,735.228518101596
2.511818621903024,-0.254622965975372,35.867471540662535,0.9029814203535744,3.0029009657441117,343.27548906444827
3.511632482190433,-0.4814064822684525,34.36490647013038,-0.2505560589852471,2.709864771877604,49.86014639916425
3.51002221609863,-0.8794652194208783,29.238635103798774,-0.5412684459246553,3.964830303988472,834.3247957493985
3.4870001954726737,0.8561672806520995,31.63527732233872,0.86749884600294,2.567679447057781,604.3044198214789
2.9170934864582456,0.6796045712712344,16.746365899444495,-0.942695144844691,2.9962489949462725,406.4627179520722
2.977588666468548,-0.1572859954458596,6.818480214399394,0.2970096402373763,3.971456051392746,737.1324139566391
2.711926558045554,-0.4699071433499919,28.331016766631677,-0.5469567479277886,2.522488981939,820.8490092631288
2.809102444252071,0.4111503450313769,23.6347238796326,0.2425848980992202,3.590557618135628,196.48696695621115
3.6426304305899935,-0.6827897894138526,9.969019641634787,0.8725612429378533,3.4185089914945497,184.0447720502135
2.707464999236124,0.0789825847506744,34.771562024439824,-0.6412706359755791,3.97237262714232,762.212058314177
2.971548011067925,-0.545460745473697,31.662936698219404,0.7619460112793148,3.4645646050653247,568.2686162687684
2.97915311711478,0.1859017028698548,32.94331191814234,0.3978976569747712,3.359684464428336,238.2896705530916
3.4438413797190863,-0.8643258817896562,31.812267178735592,-0.2924216825271279,3.4834372639898614,363.403931999427
3.764708697373551,-0.0235177259564436,20.66856988936464,-0.424109314648015,2.922628303842621,174.78128487493382
3.053179486870756,-0.8352379087683146,34.02881327005964,-0.6694310197140851,2.5706842317392096,444.5735010694285
3.4965907144285557,0.4748675374429711,39.34003061271377,-0.8655316398188777,4.120784894949562,662.8597876346657
4.097148200659122,0.8781353970257924,10.80210890571465,-0.4629324878647853,3.8995644615560514,185.7769546987078
2.546063187255922,-0.4049030973623588,25.68956061404808,0.1140810265500702,3.1162533737035725,448.0854872830765
3.69621836094604,0.3604564848625826,17.91685576163208,0.5174306423278414,4.034085569388147,570.8539362787616
4.04100258863973,0.52057964624427,33.38933194767148,-0.1951874814013765,3.166078520849192,985.6007339528004
3.742474707846196,-0.5216397915681488,5.82582376259352,-0.4779029475303038,4.0651753813236535,143.86796634332975
3.4766042924058502,0.3843226833882638,18.9301852534076,-0.2549821368930682,2.8733793786107675,130.32043317233587
3.387813542093168,-0.5996995115103798,5.268241142722887,-0.8668705441715543,3.0037538632296603,134.43342736955
2.588100012598126,-0.135004243339736,39.16048381477248,0.3569999365852756,2.624718914681325,354.54820882860736
3.154666138623273,-0.0369552969748998,36.83693868028074,-0.7692107156421653,2.6054624981689285,966.7061400184606
2.737613040264692,0.0188442562995794,7.299320063402802,-0.8763830786215547,4.055502614170797,197.1829819680663
3.603657513597308,0.3024659540829841,35.81101667521244,-0.6875868626267561,3.3833398488651127,241.6589208191852
3.337462677294461,0.8618973910139556,9.87188454709934,-0.665285935526438,2.60134945308592,217.45293221723597
4.059433078285813,0.913229242166916,10.504562286290035,-0.3311976420225027,2.7029477192749347,503.22041485863446
3.382024697114322,0.9357200696900608,32.00694188425127,0.1552635086888452,4.089152379737731,56.62555737755803
3.391463457856886,-0.6451424610605863,38.26607097013535,-0.2530841097345895,2.6173627927493373,7.463140417219405
2.999106135249639,-0.4166748425813935,22.93273221410267,0.3772632586157511,4.098856719894984,304.9031243850635
2.643037940491583,-0.950826167082397,8.875220766421048,0.00626494510308,2.8336177184004816,982.9468795547008
3.574919912009085,-0.7422602650531096,26.73249986174509,-0.956173342449982,2.6445958553317097,40.33385213845197
3.1859208725610757,-0.5759103201835467,38.42903225520955,0.2479969710579648,3.459804086186888,710.3515007123323
2.7782151028716977,0.2304388764620217,21.942697439857056,0.1904256682537495,2.785284812598249,923.731395876776
4.034339941355263,-0.6647615674233647,7.509916109667785,-0.8101641263566606,3.3815548707317475,966.734227535108
3.072227272929665,-0.3763677338294808,9.394257516692868,-0.3649005994848231,3.627348623257855,564.5940812903215
2.625454160050178,0.6156918838825172,9.572832033821202,0.9218402938576492,3.211262206743167,329.3792693020757
2.507874439107825,-0.7572271636811871,13.003687286126308,-0.2748804068818109,2.9912464923657995,445.8866198598078
3.938968895948681,0.5700330876741138,14.61463352667622,0.8048260665722069,3.1859176473458994,721.0546608978718
2.923796789553088,-0.6522095015610254,16.086658697363433,-0.1311933619867804,3.6285016072496328,106.6236189365979
3.5028600676528763,-0.1525234927024743,15.335167291678015,0.4500121525982374,4.025555719688315,24.64440463632267
3.8716190567543487,-0.0924209172327215,29.09417564722479,0.3336947826113161,2.5749119646696483,863.4315777893845
4.116214320896858,0.0838018947567162,13.644257967519994,0.5933627943827446,3.869234959809977,473.43565937502143
4.0543079711528485,0.6500988203601241,25.432047317993906,-0.6795487980469874,3.4672243215791463,212.08123747737773
2.681217030327412,-0.0836262265242147,29.67048535151836,-0.5513628822929475,3.6276282061568033,960.3667746221304
2.862039074565148,-0.5262588820510359,29.74802670433444,0.6447624223707087,2.9882760556487566,997.6722632646593
3.967275823988509,0.5726900288311041,5.950859742894593,0.4730704566695851,3.677002320462504,74.89584200198374
2.51563498774827,0.5408148356155864,37.13267932697027,0.6758167497036072,3.3134348191822216,377.2017824576386
4.141574456226751,-0.8460935967415817,26.29845454437633,-0.4442944478205755,2.7655425634820188,166.25533034970064
2.7548596264929155,-0.3691862085039745,20.148560077331425,0.863109828618962,3.9067902797214895,375.3213457730138
4.114659852596271,0.2158101855868892,34.64390989724711,0.6947758611427475,3.4942072792198444,258.1076431734147
4.00909711068911,0.903623570846478,38.457159013436176,0.2492280962290631,2.664841640641222,241.60127643576303
2.689035719920457,-0.9392258806063264,25.31636603477936,0.8833839733160611,3.9729194120174895,704.031452591657
4.134023958500654,0.4316499293641771,9.305115329331098,-0.3509763996493158,2.636179735236324,611.3416562477262
3.712516138279092,0.2992932979847369,38.75668288652841,0.9151620301676346,3.0802416981150884,52.74395216221739
2.6663180731067024,-0.938694995588388,19.66317265656164,0.3082654740557473,2.8677657219724058,6.1838226408966745
4.023770891485904,-0.6239505307691677,14.88653492295013,0.665859431148456,3.0065613003429346,335.40681349634696
3.095998849971215,0.6452286370273568,19.100564892142295,-0.083137151737124,2.892837449886644,930.6722555623984
3.546945166688768,-0.1490133311038493,28.400042635301997,0.4327942239161979,3.100274911195262,537.5401436403463
2.8897273718954906,0.3762694121730843,6.536497992505179,0.6419620345982817,2.501016496019152,626.7533485423312
4.121678580904399,0.5531937055834835,6.213459335426917,-0.1421113331397114,3.173093284533115,420.7365625686168
2.860976488153069,-0.9211463772629882,9.87358798911583,-0.2940829930952868,2.8288400830260203,635.323346708321
3.683156150359287,0.2871553903930499,9.602119196429356,0.323368576799713,2.8011609894784635,452.8248052843268
2.78718960722268,-0.6162653505625142,27.03451939121078,-0.7175529132537011,2.837673743565177,268.14322961192084
2.801647224425529,-0.7382526785633003,26.037595838008155,0.1146743391460161,2.582781242279881,966.9685146183152
4.052508939346001,-0.9207623493032856,27.827849084091536,0.0713131986951571,3.311607522116601,780.0480870400435
3.045326110451951,0.6642683559154838,27.19497484035079,0.8542212577168546,2.908508509865624,209.09736458961424
2.5222605762001677,-0.2556659523249733,18.736036518031803,0.0631443053734623,4.124604094353032,417.3829418004733
2.9626467332909368,0.2204502989552825,24.344747650149085,0.5049366751729887,3.0807898915740237,459.5629775055218
3.509107171041883,-0.7445730327295303,38.48799354195002,-0.0254692917998984,3.652129510042245,26.60836607768413
2.593094785997453,0.2493271377085275,5.316346417775226,0.6413923215335586,4.009925294424217,928.7634212054924
3.4933343302692705,-0.3508283401994594,21.193646177288773,0.1663816085541951,2.857182227950998,692.9202292247886
3.0682146143888334,-0.6277971643074454,20.31814648518712,0.6647270793219899,4.16138249940078,645.1500833009034
3.664042993341595,-0.2396087624282858,12.0166080434941,0.7947317315818638,3.343606677231384,310.2352837447048
3.269147177425579,0.2037631792726442,28.185190409537384,0.6168114777873819,3.757097696505837,474.5335626224408
3.129269790434256,0.6895664562337753,39.84031306669585,0.3928596140722145,3.2721122266524003,909.9301581597184
3.166814876669545,0.3350997985829409,13.133451306961677,0.148575150180422,2.9355255745469035,696.6889878731969
2.765459415522524,0.0844744109836965,21.671750665538458,-0.1616342481957573,3.5927516198607257,258.3004291275922
2.7318315084975087,0.5610510304877236,6.757910401239082,-0.8860425460052634,3.995579083900384,263.5514794967778
3.47174157209883,0.8455143810267887,9.352893965017858,0.8582894344233747,2.736731920333997,500.619532333931
2.911148894530768,0.4163441772905631,28.274471621659835,0.5785856966393712,3.691039543870568,275.56677630917846
2.92805840014182,-0.0770450707505316,39.34173852074405,-0.9783778327296072,3.444434268805554,596.0435954776472
3.31793817315319,0.0990590717900339,32.05225186566403,-0.4690071851418553,4.170657219547657,292.2489567393879
4.18804015340281,0.3351867711271694,35.44892058766897,0.605621869649001,3.3224643177631004,409.18258745848857
2.9384348059763976,0.9512204017198298,34.2418079009768,-0.7490274064016986,2.9229460408566013,494.3708110457581
3.542805833090843,0.625971477432187,7.1860157766675,-0.3294418998434085,2.796495754089549,133.28425808217315
2.5768863911479145,-0.0402487593921823,27.784071350283394,-0.848832772291866,4.012852739816866,558.1711838904407
3.39709188544671,-0.3459336768735226,23.66853200678769,0.6763099499772851,3.6376723508722737,9.827552569787844
3.69693560576868,-0.2931572413945638,32.808044057176204,-0.3870730639143593,3.724267683582599,340.96197364298854
2.562134435341761,0.5100838574925566,12.729847403705312,-0.2906675900298343,2.748235732804837,143.87615538978017
3.424039863893781,-0.4803735825099315,10.14369483558734,-0.1776050222349083,2.566228338792389,979.9554473582784
3.946932341578657,-0.765383622075211,28.422009202832747,0.2112757786468229,3.0768189544262645,697.1662542903504
2.737139563108471,-0.4053019852548984,24.605886421164467,-0.1344662408014747,2.908903694806253,435.39632339975145
4.136502304952472,0.6345955399249874,29.57905681110825,-0.9832726362462858,3.9877271516559594,962.0584989413516
2.701990457655722,0.3177709404653144,19.062258022901347,0.2972779135376311,3.4326003055929704,954.6663568790688
3.1252313256227304,0.6516335011295253,27.790165470858597,-0.1121610909872443,3.37458425715782,616.6219781652751
3.857101804243518,-0.5159099682749451,31.025787066179596,0.6866523355757663,3.1824850244513736,166.18499960974918
3.151335498024146,0.8662266626871153,29.31083995386499,0.7368190478938681,3.773237356462678,622.5469904622817
4.025266788520655,0.1643409203525465,36.75182607470404,0.8275768877465186,3.98386101666163,700.8084180017403
3.8659175816542426,-0.3496198715506102,25.376956130793985,0.7583715452024953,3.4483852486221247,511.093821472398
3.751955200562029,0.5493070623623637,39.20577677970263,0.939447265595954,3.425872480882131,88.39696714675837
3.4748444098095863,-0.8858262878213703,5.963785195431292,-0.2791463457170278,3.5910931785624403,51.65735711464103
3.554225416262613,-0.2534964167413198,12.112808188013055,0.2136939110802782,3.681420302883181,751.798163586933
3.237547803704554,0.454338139532616,17.416995214259448,-0.6870465679927988,3.904779378615317,161.44768603292104
3.896137417942422,-0.2110474428599293,28.78671164572877,-0.7668338508886066,3.0874852959803825,912.2082367815256
3.851816531106796,-0.3210996149143879,8.984343771681049,-0.2608516011464536,3.908709940401092,887.4245353703602
4.177075922948066,0.0313588553929955,35.80548582725198,0.0025512892514587,3.527332069808544,105.65034544893072
3.209598705352924,0.4468402273771699,10.678169202386776,0.6101806369913254,2.962322750976938,559.2181317684582
2.903285545951191,-0.0060730341883394,28.72346201085155,-0.9301768946875524,3.908805272490611,578.7564763599993
2.9602659443440413,-0.5729772673786562,38.125977960264194,-0.6364422655652762,2.724856815667419,236.7204758538329
2.683415425888618,-0.2997494816665398,18.85896654318592,-0.1328344147347713,2.5473488093958263,39.922532563751226
2.6605530332850784,0.7087701867391583,29.237248933422887,-0.4707299461492853,2.586955349554676,431.8070951077773
3.5838477013038625,-0.6659321078158495,27.987303665350293,-0.969210216617383,3.5301948443607434,61.94651857898792
2.595715568659124,-0.5686496952045657,22.1114241127358,0.3942716117836184,3.206891565631299,976.4565294354102
3.1051535537071446,0.1107271018752624,14.016252711680265,0.2409475701039412,2.976569079337401,258.792408364524
3.710704676290811,0.3873644515629773,30.43348472246132,-0.5408036784920627,3.584216041137505,393.7551415654067
2.985710546679164,0.9543483684426346,18.829821014251152,-0.0896560165326871,2.726116658142459,777.7279100677931
4.023355209869939,0.9113029964595069,22.68223707518234,-0.5048804594402272,3.3932995225050187,924.6417911286368
3.9850836609815214,-0.3339961738836041,16.069455240525738,-0.2652185426058591,2.9225176955766243,421.3008816333647
3.5401499210280454,0.3948405344936798,38.71880519747427,-0.428483350814588,3.1992167525125934,666.9274474586807
3.405402035337696,0.93164432230644,23.245361667894866,0.2229272224513216,2.9249539144770105,294.8172383467669
2.837816658608093,-0.5327844979001801,23.178505082637805,0.2200148341589713,3.650022374185028,740.663581066626
3.197650969160571,-0.2075159621946825,35.00127399495635,0.446895635700002,4.14101463017168,366.7983206462684
3.875913964313473,0.3899637722530851,8.647868098292168,-0.4934552329545698,3.602901156470956,192.67639648670036
3.818396948381518,0.5528948929994493,35.336962407710004,0.6293420094199784,3.563236865283209,455.3949052479408
3.691647523480504,-0.940052820254644,18.631866321584717,-0.221539056616423,2.977021382504457,739.5811772217427
3.0344051678297554,0.7675717699268514,10.52841879923718,0.8290973276971179,3.4318468446376373,570.9070537521447
